"DT_GERACAO";"HH_GERACAO";"ANO_ELEICAO";"CD_TIPO_ELEICAO";"NM_TIPO_ELEICAO";"CD_ELEICAO";"DS_ELEICAO";"SG_UF";"SG_UE";"NM_UE";"SQ_CANDIDATO";"DS_MOTIVO_CASSACAO"
"05/06/2022";"02:18:03";"2020";"2";"Eleição Ordinária";"426";"Eleições Municipais 2020";"MS";"90298";"BANDEIRANTES";"120001093729";"Ficha limpa (LC 64/90)"
"05/06/2022";"02:18:03";"2020";"2";"Eleição Ordinária";"426";"Eleições Municipais 2020";"MS";"91472";"RIO VERDE DE MATO GROSSO";"120000848169";"Ficha limpa (LC 64/90)"
"05/06/2022";"02:18:03";"2020";"2";"Eleição Ordinária";"426";"Eleições Municipais 2020";"MS";"90735";"DOURADOS";"120001009839";"Ausência de requisito de registro "
"05/06/2022";"02:18:03";"2020";"2";"Eleição Ordinária";"426";"Eleições Municipais 2020";"MS";"90638";"CORUMBÁ";"120001218687";"Ausência de requisito de registro "
"05/06/2022";"02:18:03";"2020";"2";"Eleição Ordinária";"426";"Eleições Municipais 2020";"MS";"90638";"CORUMBÁ";"120001195488";"Ausência de requisito de registro "
"05/06/2022";"02:18:03";"2020";"2";"Eleição Ordinária";"426";"Eleições Municipais 2020";"MS";"91111";"MIRANDA";"120000986945";"Ausência de requisito de registro "
"05/06/2022";"02:18:03";"2020";"2";"Eleição Ordinária";"426";"Eleições Municipais 2020";"MS";"90638";"CORUMBÁ";"120001218683";"Ausência de requisito de registro "
"05/06/2022";"02:18:03";"2020";"2";"Eleição Ordinária";"426";"Eleições Municipais 2020";"MS";"91111";"MIRANDA";"120000985440";"Ausência de requisito de registro "
"05/06/2022";"02:18:03";"2020";"2";"Eleição Ordinária";"426";"Eleições Municipais 2020";"MS";"90034";"ÁGUA CLARA";"120000831501";"Ficha limpa (LC 64/90)"
"05/06/2022";"02:18:03";"2020";"2";"Eleição Ordinária";"426";"Eleições Municipais 2020";"MS";"90514";"CAMPO GRANDE";"120001261967";"Ausência de requisito de registro "
"05/06/2022";"02:18:03";"2020";"2";"Eleição Ordinária";"426";"Eleições Municipais 2020";"MS";"90514";"CAMPO GRANDE";"120000850102";"Ausência de requisito de registro "
"05/06/2022";"02:18:03";"2020";"2";"Eleição Ordinária";"426";"Eleições Municipais 2020";"MS";"91758";"DEODÁPOLIS";"120001156077";"Ficha limpa (LC 64/90)"
"05/06/2022";"02:18:03";"2020";"2";"Eleição Ordinária";"426";"Eleições Municipais 2020";"MS";"91650";"TRÊS LAGOAS";"120000983643";"Ausência de requisito de registro "
"05/06/2022";"02:18:03";"2020";"2";"Eleição Ordinária";"426";"Eleições Municipais 2020";"MS";"90514";"CAMPO GRANDE";"120000859892";"Ausência de requisito de registro "
"05/06/2022";"02:18:03";"2020";"2";"Eleição Ordinária";"426";"Eleições Municipais 2020";"MS";"90638";"CORUMBÁ";"120001193607";"Ausência de requisito de registro "
"05/06/2022";"02:18:03";"2020";"2";"Eleição Ordinária";"426";"Eleições Municipais 2020";"MS";"90514";"CAMPO GRANDE";"120001081641";"Ausência de requisito de registro "
"05/06/2022";"02:18:03";"2020";"2";"Eleição Ordinária";"426";"Eleições Municipais 2020";"MS";"98094";"SÃO GABRIEL DO OESTE";"120000837484";"Ficha limpa (LC 64/90)"
"05/06/2022";"02:18:03";"2020";"2";"Eleição Ordinária";"426";"Eleições Municipais 2020";"MS";"90514";"CAMPO GRANDE";"120001081626";"Ausência de requisito de registro "
"05/06/2022";"02:18:03";"2020";"2";"Eleição Ordinária";"426";"Eleições Municipais 2020";"MS";"90514";"CAMPO GRANDE";"120001078764";"Ausência de requisito de registro "
"05/06/2022";"02:18:03";"2020";"2";"Eleição Ordinária";"426";"Eleições Municipais 2020";"MS";"91650";"TRÊS LAGOAS";"120001084291";"Ausência de requisito de registro "
"05/06/2022";"02:18:03";"2020";"2";"Eleição Ordinária";"426";"Eleições Municipais 2020";"MS";"91278";"PEDRO GOMES";"120000852873";"Indeferimento de partido ou coligação."
"05/06/2022";"02:18:03";"2020";"2";"Eleição Ordinária";"426";"Eleições Municipais 2020";"MS";"91880";"SONORA";"120000852405";"Ficha limpa (LC 64/90)"
"05/06/2022";"02:18:03";"2020";"2";"Eleição Ordinária";"426";"Eleições Municipais 2020";"MS";"91111";"MIRANDA";"120001102819";"Ausência de requisito de registro "
"05/06/2022";"02:18:03";"2020";"2";"Eleição Ordinária";"426";"Eleições Municipais 2020";"MS";"91138";"NAVIRAÍ";"120000878017";"Ficha limpa (LC 64/90)"
"05/06/2022";"02:18:03";"2020";"2";"Eleição Ordinária";"426";"Eleições Municipais 2020";"MS";"90115";"AMAMBAI";"120000664365";"Ausência de requisito de registro "
"05/06/2022";"02:18:03";"2020";"2";"Eleição Ordinária";"426";"Eleições Municipais 2020";"MS";"91430";"RIO BRILHANTE";"120000844591";"Ausência de requisito de registro "
"05/06/2022";"02:18:03";"2020";"2";"Eleição Ordinária";"426";"Eleições Municipais 2020";"MS";"90514";"CAMPO GRANDE";"120001079375";"Ausência de requisito de registro "
"05/06/2022";"02:18:03";"2020";"2";"Eleição Ordinária";"426";"Eleições Municipais 2020";"MS";"91596";"TERENOS";"120001179754";"Ausência de requisito de registro "
"05/06/2022";"02:18:03";"2020";"2";"Eleição Ordinária";"426";"Eleições Municipais 2020";"MS";"90638";"CORUMBÁ";"120000943900";"Ausência de requisito de registro "
"05/06/2022";"02:18:03";"2020";"2";"Eleição Ordinária";"426";"Eleições Municipais 2020";"MS";"90174";"ANTÔNIO JOÃO";"120001262809";"Ausência de requisito de registro "
"05/06/2022";"02:18:03";"2020";"2";"Eleição Ordinária";"426";"Eleições Municipais 2020";"MS";"90514";"CAMPO GRANDE";"120001263634";"Ausência de requisito de registro "
"05/06/2022";"02:18:03";"2020";"2";"Eleição Ordinária";"426";"Eleições Municipais 2020";"MS";"91650";"TRÊS LAGOAS";"120001089001";"Ausência de requisito de registro "
"05/06/2022";"02:18:03";"2020";"2";"Eleição Ordinária";"426";"Eleições Municipais 2020";"MS";"90735";"DOURADOS";"120001090661";"Ausência de requisito de registro "
"05/06/2022";"02:18:03";"2020";"2";"Eleição Ordinária";"426";"Eleições Municipais 2020";"MS";"91596";"TERENOS";"120001154260";"Indeferimento de partido ou coligação."
"05/06/2022";"02:18:03";"2020";"2";"Eleição Ordinária";"426";"Eleições Municipais 2020";"MS";"90514";"CAMPO GRANDE";"120000808292";"Ausência de requisito de registro "
"05/06/2022";"02:18:03";"2020";"2";"Eleição Ordinária";"426";"Eleições Municipais 2020";"MS";"90514";"CAMPO GRANDE";"120000886950";"Ausência de requisito de registro "
"05/06/2022";"02:18:03";"2020";"2";"Eleição Ordinária";"426";"Eleições Municipais 2020";"MS";"98078";"ITAQUIRAÍ";"120001205129";"Ausência de requisito de registro "
"05/06/2022";"02:18:03";"2020";"2";"Eleição Ordinária";"426";"Eleições Municipais 2020";"MS";"91456";"RIO NEGRO";"120000858299";"Abuso de poder (LC 64/90)"
"05/06/2022";"02:18:03";"2020";"2";"Eleição Ordinária";"426";"Eleições Municipais 2020";"MS";"90735";"DOURADOS";"120001241746";"Ausência de requisito de registro "
"05/06/2022";"02:18:03";"2020";"2";"Eleição Ordinária";"426";"Eleições Municipais 2020";"MS";"91073";"MARACAJU";"120001015685";"Ausência de requisito de registro "
"05/06/2022";"02:18:03";"2020";"2";"Eleição Ordinária";"426";"Eleições Municipais 2020";"MS";"91758";"DEODÁPOLIS";"120001024435";"Ausência de requisito de registro "
"05/06/2022";"02:18:03";"2020";"2";"Eleição Ordinária";"426";"Eleições Municipais 2020";"MS";"90514";"CAMPO GRANDE";"120000859893";"Ausência de requisito de registro "
"05/06/2022";"02:18:03";"2020";"2";"Eleição Ordinária";"426";"Eleições Municipais 2020";"MS";"91235";"NOVA ANDRADINA";"120001235096";"Ausência de requisito de registro "
"05/06/2022";"02:18:03";"2020";"2";"Eleição Ordinária";"426";"Eleições Municipais 2020";"MS";"98094";"SÃO GABRIEL DO OESTE";"120000837484";"Ausência de requisito de registro "
"05/06/2022";"02:18:03";"2020";"2";"Eleição Ordinária";"426";"Eleições Municipais 2020";"MS";"98019";"BODOQUENA";"120001230278";"Ausência de requisito de registro "
"05/06/2022";"02:18:03";"2020";"2";"Eleição Ordinária";"426";"Eleições Municipais 2020";"MS";"90999";"JARDIM";"120000839724";"Ficha limpa (LC 64/90)"
"05/06/2022";"02:18:03";"2020";"2";"Eleição Ordinária";"426";"Eleições Municipais 2020";"MS";"91731";"ELDORADO";"120000979895";"Ausência de requisito de registro "
"05/06/2022";"02:18:03";"2020";"2";"Eleição Ordinária";"426";"Eleições Municipais 2020";"MS";"91316";"PONTA PORÃ";"120001124501";"Ausência de requisito de registro "
"05/06/2022";"02:18:03";"2020";"2";"Eleição Ordinária";"426";"Eleições Municipais 2020";"MS";"91316";"PONTA PORÃ";"120001124504";"Ausência de requisito de registro "
"05/06/2022";"02:18:03";"2020";"2";"Eleição Ordinária";"426";"Eleições Municipais 2020";"MS";"90190";"APARECIDA DO TABOADO";"120000637987";"Ficha limpa (LC 64/90)"
"05/06/2022";"02:18:03";"2020";"2";"Eleição Ordinária";"426";"Eleições Municipais 2020";"MS";"55042";"NOVO HORIZONTE DO SUL";"120000839673";"Ficha limpa (LC 64/90)"
"05/06/2022";"02:18:03";"2020";"2";"Eleição Ordinária";"426";"Eleições Municipais 2020";"MS";"91316";"PONTA PORÃ";"120001214330";"Ausência de requisito de registro "
"05/06/2022";"02:18:03";"2020";"2";"Eleição Ordinária";"426";"Eleições Municipais 2020";"MS";"91693";"ANGÉLICA";"120001067762";"Ficha limpa (LC 64/90)"
"05/06/2022";"02:18:03";"2020";"2";"Eleição Ordinária";"426";"Eleições Municipais 2020";"MS";"91570";"SIDROLÂNDIA";"120001095515";"Ficha limpa (LC 64/90)"
"05/06/2022";"02:18:03";"2020";"2";"Eleição Ordinária";"426";"Eleições Municipais 2020";"MS";"98132";"SETE QUEDAS";"120001137107";"Ficha limpa (LC 64/90)"
"05/06/2022";"02:18:03";"2020";"2";"Eleição Ordinária";"426";"Eleições Municipais 2020";"MS";"90735";"DOURADOS";"120001236984";"Ausência de requisito de registro "
"05/06/2022";"02:18:03";"2020";"2";"Eleição Ordinária";"426";"Eleições Municipais 2020";"MS";"91316";"PONTA PORÃ";"120001142309";"Ausência de requisito de registro "
"05/06/2022";"02:18:03";"2020";"2";"Eleição Ordinária";"426";"Eleições Municipais 2020";"MS";"91138";"NAVIRAÍ";"120000878017";"Ausência de requisito de registro "
"05/06/2022";"02:18:03";"2020";"2";"Eleição Ordinária";"426";"Eleições Municipais 2020";"MS";"90654";"COXIM";"120001110636";"Ficha limpa (LC 64/90)"
"05/06/2022";"02:18:03";"2020";"2";"Eleição Ordinária";"426";"Eleições Municipais 2020";"MS";"91596";"TERENOS";"120001093699";"Ausência de requisito de registro "
"05/06/2022";"02:18:03";"2020";"2";"Eleição Ordinária";"426";"Eleições Municipais 2020";"MS";"91030";"LADÁRIO";"120000885739";"Ausência de requisito de registro "
"05/06/2022";"02:18:03";"2020";"2";"Eleição Ordinária";"426";"Eleições Municipais 2020";"MS";"90735";"DOURADOS";"120001200468";"Ausência de requisito de registro "
"05/06/2022";"02:18:03";"2020";"2";"Eleição Ordinária";"426";"Eleições Municipais 2020";"MS";"90395";"BATAYPORÃ";"120000789801";"Ausência de requisito de registro "
"05/06/2022";"02:18:03";"2020";"2";"Eleição Ordinária";"426";"Eleições Municipais 2020";"MS";"90611";"CORGUINHO";"120001040992";"Ausência de requisito de registro "
"05/06/2022";"02:18:03";"2020";"2";"Eleição Ordinária";"426";"Eleições Municipais 2020";"MS";"91111";"MIRANDA";"120000988613";"Ausência de requisito de registro "
"05/06/2022";"02:18:03";"2020";"2";"Eleição Ordinária";"426";"Eleições Municipais 2020";"MS";"90638";"CORUMBÁ";"120000942519";"Ausência de requisito de registro "
"05/06/2022";"02:18:03";"2020";"2";"Eleição Ordinária";"426";"Eleições Municipais 2020";"MS";"91316";"PONTA PORÃ";"120001214333";"Ausência de requisito de registro "
"05/06/2022";"02:18:03";"2020";"2";"Eleição Ordinária";"426";"Eleições Municipais 2020";"MS";"90530";"CARACOL";"120000751203";"Ficha limpa (LC 64/90)"
"05/06/2022";"02:18:03";"2020";"2";"Eleição Ordinária";"426";"Eleições Municipais 2020";"MS";"55034";"JAPORÃ";"120000968449";"Ausência de requisito de registro "
"05/06/2022";"02:18:03";"2020";"2";"Eleição Ordinária";"426";"Eleições Municipais 2020";"MS";"91430";"RIO BRILHANTE";"120001191310";"Ausência de requisito de registro "
"05/06/2022";"02:18:03";"2020";"2";"Eleição Ordinária";"426";"Eleições Municipais 2020";"MS";"91430";"RIO BRILHANTE";"120001191310";"Ficha limpa (LC 64/90)"
"05/06/2022";"02:18:03";"2020";"2";"Eleição Ordinária";"426";"Eleições Municipais 2020";"MS";"90972";"JARAGUARI";"120001101289";"Ausência de requisito de registro "
"05/06/2022";"02:18:03";"2020";"2";"Eleição Ordinária";"426";"Eleições Municipais 2020";"MS";"90557";"CAARAPÓ";"120000640765";"Ausência de requisito de registro "
"05/06/2022";"02:18:03";"2020";"2";"Eleição Ordinária";"426";"Eleições Municipais 2020";"MS";"91456";"RIO NEGRO";"120001193328";"Ausência de requisito de registro "
"05/06/2022";"02:18:03";"2020";"2";"Eleição Ordinária";"426";"Eleições Municipais 2020";"MS";"90298";"BANDEIRANTES";"120001092950";"Ausência de requisito de registro "
"05/06/2022";"02:18:03";"2020";"2";"Eleição Ordinária";"426";"Eleições Municipais 2020";"MS";"91782";"CHAPADÃO DO SUL";"120001250625";"Ausência de requisito de registro "
"05/06/2022";"02:18:03";"2020";"2";"Eleição Ordinária";"426";"Eleições Municipais 2020";"MS";"91782";"CHAPADÃO DO SUL";"120001250625";"Ficha limpa (LC 64/90)"
"05/06/2022";"02:18:03";"2020";"2";"Eleição Ordinária";"426";"Eleições Municipais 2020";"MS";"90611";"CORGUINHO";"120001186654";"Ausência de requisito de registro "
"05/06/2022";"02:18:03";"2020";"2";"Eleição Ordinária";"426";"Eleições Municipais 2020";"MS";"90638";"CORUMBÁ";"120001142947";"Ausência de requisito de registro "
"05/06/2022";"02:18:03";"2020";"2";"Eleição Ordinária";"426";"Eleições Municipais 2020";"MS";"98078";"ITAQUIRAÍ";"120001205129";"Ficha limpa (LC 64/90)"
"05/06/2022";"02:18:03";"2020";"2";"Eleição Ordinária";"426";"Eleições Municipais 2020";"MS";"98094";"SÃO GABRIEL DO OESTE";"120000837485";"Indeferimento de partido ou coligação."
"05/06/2022";"02:18:03";"2020";"2";"Eleição Ordinária";"426";"Eleições Municipais 2020";"MS";"91456";"RIO NEGRO";"120001191654";"Ausência de requisito de registro "
"05/06/2022";"02:18:03";"2020";"2";"Eleição Ordinária";"426";"Eleições Municipais 2020";"MS";"91650";"TRÊS LAGOAS";"120001088688";"Ausência de requisito de registro "
"05/06/2022";"02:18:03";"2020";"2";"Eleição Ordinária";"426";"Eleições Municipais 2020";"MS";"90417";"BELA VISTA";"120000751450";"Ficha limpa (LC 64/90)"
"05/06/2022";"02:18:03";"2020";"2";"Eleição Ordinária";"426";"Eleições Municipais 2020";"MS";"90298";"BANDEIRANTES";"120001087933";"Ficha limpa (LC 64/90)"
"05/06/2022";"02:18:03";"2020";"2";"Eleição Ordinária";"426";"Eleições Municipais 2020";"MS";"90514";"CAMPO GRANDE";"120001081630";"Ausência de requisito de registro "
"05/06/2022";"02:18:03";"2020";"2";"Eleição Ordinária";"426";"Eleições Municipais 2020";"MS";"55050";"PARAÍSO DAS ÁGUAS";"120001035206";"Ausência de requisito de registro "
"05/06/2022";"02:18:03";"2020";"2";"Eleição Ordinária";"426";"Eleições Municipais 2020";"MS";"91073";"MARACAJU";"120001015694";"Abuso de poder (LC 64/90)"
"05/06/2022";"02:18:03";"2020";"2";"Eleição Ordinária";"426";"Eleições Municipais 2020";"MS";"90514";"CAMPO GRANDE";"120000724889";"Ausência de requisito de registro "
"05/06/2022";"02:18:03";"2020";"2";"Eleição Ordinária";"426";"Eleições Municipais 2020";"MS";"91472";"RIO VERDE DE MATO GROSSO";"120000983475";"Ausência de requisito de registro "
"05/06/2022";"02:18:03";"2020";"2";"Eleição Ordinária";"426";"Eleições Municipais 2020";"MS";"91596";"TERENOS";"120001093693";"Ausência de requisito de registro "
"05/06/2022";"02:18:03";"2020";"2";"Eleição Ordinária";"426";"Eleições Municipais 2020";"MS";"91030";"LADÁRIO";"120001083386";"Ausência de requisito de registro "
"05/06/2022";"02:18:03";"2020";"2";"Eleição Ordinária";"426";"Eleições Municipais 2020";"MS";"91413";"RIBAS DO RIO PARDO";"120000840352";"Ausência de requisito de registro "
"05/06/2022";"02:18:03";"2020";"2";"Eleição Ordinária";"426";"Eleições Municipais 2020";"MS";"91596";"TERENOS";"120001094675";"Ausência de requisito de registro "
"05/06/2022";"02:18:03";"2020";"2";"Eleição Ordinária";"426";"Eleições Municipais 2020";"MS";"90638";"CORUMBÁ";"120000943899";"Ausência de requisito de registro "
"05/06/2022";"02:18:03";"2020";"2";"Eleição Ordinária";"426";"Eleições Municipais 2020";"MS";"55000";"NOVA ALVORADA DO SUL";"120001083501";"Ausência de requisito de registro "
"05/06/2022";"02:18:03";"2020";"2";"Eleição Ordinária";"426";"Eleições Municipais 2020";"MS";"90115";"AMAMBAI";"120001262249";"Ausência de requisito de registro "
"05/06/2022";"02:18:03";"2020";"2";"Eleição Ordinária";"426";"Eleições Municipais 2020";"MS";"90530";"CARACOL";"120000751203";"Ausência de requisito de registro "
"05/06/2022";"02:18:03";"2020";"2";"Eleição Ordinária";"426";"Eleições Municipais 2020";"MS";"90972";"JARAGUARI";"120000663193";"Ausência de requisito de registro "
"05/06/2022";"02:18:03";"2020";"2";"Eleição Ordinária";"426";"Eleições Municipais 2020";"MS";"91650";"TRÊS LAGOAS";"120001088995";"Ausência de requisito de registro "
"05/06/2022";"02:18:03";"2020";"2";"Eleição Ordinária";"426";"Eleições Municipais 2020";"MS";"91650";"TRÊS LAGOAS";"120000752218";"Ficha limpa (LC 64/90)"
"05/06/2022";"02:18:03";"2020";"2";"Eleição Ordinária";"426";"Eleições Municipais 2020";"MS";"90514";"CAMPO GRANDE";"120000725221";"Ausência de requisito de registro "
"05/06/2022";"02:18:03";"2020";"2";"Eleição Ordinária";"426";"Eleições Municipais 2020";"MS";"91790";"MUNDO NOVO";"120001057069";"Ausência de requisito de registro "
"05/06/2022";"02:18:03";"2020";"2";"Eleição Ordinária";"426";"Eleições Municipais 2020";"MS";"98094";"SÃO GABRIEL DO OESTE";"120000837483";"Indeferimento de partido ou coligação."
"05/06/2022";"02:18:03";"2020";"2";"Eleição Ordinária";"426";"Eleições Municipais 2020";"MS";"91804";"DOIS IRMÃOS DO BURITI";"120000663765";"Ausência de requisito de registro "
"05/06/2022";"02:18:03";"2020";"2";"Eleição Ordinária";"426";"Eleições Municipais 2020";"MS";"98590";"CORONEL SAPUCAIA";"120000750373";"Ausência de requisito de registro "
"05/06/2022";"02:18:03";"2020";"2";"Eleição Ordinária";"426";"Eleições Municipais 2020";"MS";"98019";"BODOQUENA";"120001230280";"Ausência de requisito de registro "
"05/06/2022";"02:18:03";"2020";"2";"Eleição Ordinária";"426";"Eleições Municipais 2020";"MS";"98019";"BODOQUENA";"120001011693";"Ficha limpa (LC 64/90)"
"05/06/2022";"02:18:03";"2020";"2";"Eleição Ordinária";"426";"Eleições Municipais 2020";"MS";"98078";"ITAQUIRAÍ";"120001075103";"Ficha limpa (LC 64/90)"
"05/06/2022";"02:18:03";"2020";"2";"Eleição Ordinária";"426";"Eleições Municipais 2020";"MS";"90816";"GUIA LOPES DA LAGUNA";"120001156980";"Ausência de requisito de registro "
"05/06/2022";"02:18:03";"2020";"2";"Eleição Ordinária";"426";"Eleições Municipais 2020";"MS";"90514";"CAMPO GRANDE";"120001151844";"Ausência de requisito de registro "
"05/06/2022";"02:18:03";"2020";"2";"Eleição Ordinária";"426";"Eleições Municipais 2020";"MS";"91847";"PARANHOS";"120001064035";"Ausência de requisito de registro "
"05/06/2022";"02:18:03";"2020";"2";"Eleição Ordinária";"426";"Eleições Municipais 2020";"MS";"98078";"ITAQUIRAÍ";"120001075000";"Ausência de requisito de registro "
"05/06/2022";"02:18:03";"2020";"2";"Eleição Ordinária";"426";"Eleições Municipais 2020";"MS";"90972";"JARAGUARI";"120000663149";"Ausência de requisito de registro "
"05/06/2022";"02:18:03";"2020";"2";"Eleição Ordinária";"426";"Eleições Municipais 2020";"MS";"55000";"NOVA ALVORADA DO SUL";"120001083516";"Ausência de requisito de registro "
"05/06/2022";"02:18:03";"2020";"2";"Eleição Ordinária";"426";"Eleições Municipais 2020";"MS";"90930";"IVINHEMA";"120001055610";"Ausência de requisito de registro "
"05/06/2022";"02:18:03";"2020";"2";"Eleição Ordinária";"426";"Eleições Municipais 2020";"MS";"90654";"COXIM";"120001110636";"Abuso de poder (LC 64/90)"
"05/06/2022";"02:18:03";"2020";"2";"Eleição Ordinária";"426";"Eleições Municipais 2020";"MS";"90395";"BATAYPORÃ";"120000789810";"Ficha limpa (LC 64/90)"
"05/06/2022";"02:18:03";"2020";"2";"Eleição Ordinária";"426";"Eleições Municipais 2020";"MS";"91030";"LADÁRIO";"120001239001";"Ausência de requisito de registro "
"05/06/2022";"02:18:03";"2020";"2";"Eleição Ordinária";"426";"Eleições Municipais 2020";"MS";"91880";"SONORA";"120001070044";"Ficha limpa (LC 64/90)"
"05/06/2022";"02:18:03";"2020";"2";"Eleição Ordinária";"426";"Eleições Municipais 2020";"MS";"91375";"PORTO MURTINHO";"120001004816";"Ausência de requisito de registro "
"05/06/2022";"02:18:03";"2020";"2";"Eleição Ordinária";"426";"Eleições Municipais 2020";"MS";"91316";"PONTA PORÃ";"120001263465";"Ausência de requisito de registro "
"05/06/2022";"02:18:03";"2020";"2";"Eleição Ordinária";"426";"Eleições Municipais 2020";"MS";"90638";"CORUMBÁ";"120001197062";"Ausência de requisito de registro "
"05/06/2022";"02:18:03";"2020";"2";"Eleição Ordinária";"426";"Eleições Municipais 2020";"MS";"90433";"BONITO";"120000983203";"Ausência de requisito de registro "
"05/06/2022";"02:18:03";"2020";"2";"Eleição Ordinária";"426";"Eleições Municipais 2020";"MS";"91278";"PEDRO GOMES";"120000887916";"Ficha limpa (LC 64/90)"
"05/06/2022";"02:18:03";"2020";"2";"Eleição Ordinária";"426";"Eleições Municipais 2020";"MS";"90298";"BANDEIRANTES";"120001092947";"Ausência de requisito de registro "
"05/06/2022";"02:18:03";"2020";"2";"Eleição Ordinária";"426";"Eleições Municipais 2020";"MS";"91251";"PARANAÍBA";"120000979625";"Ausência de requisito de registro "
"05/06/2022";"02:18:03";"2020";"2";"Eleição Ordinária";"426";"Eleições Municipais 2020";"MS";"91251";"PARANAÍBA";"120001247678";"Ausência de requisito de registro "
"05/06/2022";"02:18:03";"2020";"2";"Eleição Ordinária";"426";"Eleições Municipais 2020";"MS";"90751";"FÁTIMA DO SUL";"120001012161";"Ausência de requisito de registro "
"05/06/2022";"02:18:03";"2020";"2";"Eleição Ordinária";"426";"Eleições Municipais 2020";"MS";"55000";"NOVA ALVORADA DO SUL";"120000884994";"Ausência de requisito de registro "
"05/06/2022";"02:18:03";"2020";"2";"Eleição Ordinária";"426";"Eleições Municipais 2020";"MS";"90212";"AQUIDAUANA";"120000940627";"Ficha limpa (LC 64/90)"
"05/06/2022";"02:18:03";"2020";"2";"Eleição Ordinária";"426";"Eleições Municipais 2020";"MS";"91030";"LADÁRIO";"120001204585";"Ausência de requisito de registro "
"05/06/2022";"02:18:03";"2020";"2";"Eleição Ordinária";"426";"Eleições Municipais 2020";"MS";"90492";"CAMAPUÃ";"120000781020";"Ausência de requisito de registro "
"05/06/2022";"02:18:03";"2020";"2";"Eleição Ordinária";"426";"Eleições Municipais 2020";"MS";"90654";"COXIM";"120001073235";"Ficha limpa (LC 64/90)"
"05/06/2022";"02:18:03";"2020";"2";"Eleição Ordinária";"426";"Eleições Municipais 2020";"MS";"91650";"TRÊS LAGOAS";"120001088694";"Ausência de requisito de registro "
"05/06/2022";"02:18:03";"2020";"2";"Eleição Ordinária";"426";"Eleições Municipais 2020";"MS";"90816";"GUIA LOPES DA LAGUNA";"120001279810";"Ausência de requisito de registro "
"05/06/2022";"02:18:03";"2020";"2";"Eleição Ordinária";"426";"Eleições Municipais 2020";"MS";"90514";"CAMPO GRANDE";"120001088018";"Ausência de requisito de registro "
"05/06/2022";"02:18:03";"2020";"2";"Eleição Ordinária";"426";"Eleições Municipais 2020";"MS";"91316";"PONTA PORÃ";"120001235653";"Ausência de requisito de registro "
"05/06/2022";"02:18:03";"2020";"2";"Eleição Ordinária";"426";"Eleições Municipais 2020";"MS";"90034";"ÁGUA CLARA";"120001107117";"Ficha limpa (LC 64/90)"
"05/06/2022";"02:18:03";"2020";"2";"Eleição Ordinária";"426";"Eleições Municipais 2020";"MS";"91316";"PONTA PORÃ";"120001214324";"Ausência de requisito de registro "
"05/06/2022";"02:18:03";"2020";"2";"Eleição Ordinária";"426";"Eleições Municipais 2020";"MS";"91596";"TERENOS";"120001178629";"Ausência de requisito de registro "
"05/06/2022";"02:18:03";"2020";"2";"Eleição Ordinária";"426";"Eleições Municipais 2020";"MS";"55026";"LAGUNA CARAPÃ";"120000783091";"Ausência de requisito de registro "
"05/06/2022";"02:18:03";"2020";"2";"Eleição Ordinária";"426";"Eleições Municipais 2020";"MS";"98132";"SETE QUEDAS";"120001156286";"Ausência de requisito de registro "
"05/06/2022";"02:18:03";"2020";"2";"Eleição Ordinária";"426";"Eleições Municipais 2020";"MS";"91693";"ANGÉLICA";"120001156851";"Ficha limpa (LC 64/90)"
"05/06/2022";"02:18:03";"2020";"2";"Eleição Ordinária";"426";"Eleições Municipais 2020";"MS";"90514";"CAMPO GRANDE";"120001079372";"Ausência de requisito de registro "
"05/06/2022";"02:18:03";"2020";"2";"Eleição Ordinária";"426";"Eleições Municipais 2020";"MS";"91650";"TRÊS LAGOAS";"120001161428";"Ficha limpa (LC 64/90)"
"05/06/2022";"02:18:03";"2020";"2";"Eleição Ordinária";"426";"Eleições Municipais 2020";"MS";"91030";"LADÁRIO";"120001238995";"Ausência de requisito de registro "
"05/06/2022";"02:18:03";"2020";"2";"Eleição Ordinária";"426";"Eleições Municipais 2020";"MS";"91715";"ARAL MOREIRA";"120000822039";"Ficha limpa (LC 64/90)"
"05/06/2022";"02:18:03";"2020";"2";"Eleição Ordinária";"426";"Eleições Municipais 2020";"MS";"91472";"RIO VERDE DE MATO GROSSO";"120000848171";"Ausência de requisito de registro "
"05/06/2022";"02:18:03";"2020";"2";"Eleição Ordinária";"426";"Eleições Municipais 2020";"MS";"90735";"DOURADOS";"120001234576";"Ausência de requisito de registro "
"05/06/2022";"02:18:03";"2020";"2";"Eleição Ordinária";"426";"Eleições Municipais 2020";"MS";"91251";"PARANAÍBA";"120001244498";"Ausência de requisito de registro "
"05/06/2022";"02:18:03";"2020";"2";"Eleição Ordinária";"426";"Eleições Municipais 2020";"MS";"90514";"CAMPO GRANDE";"120000725203";"Ausência de requisito de registro "
"05/06/2022";"02:18:03";"2020";"2";"Eleição Ordinária";"426";"Eleições Municipais 2020";"MS";"90514";"CAMPO GRANDE";"120001152710";"Ausência de requisito de registro "
"05/06/2022";"02:18:03";"2020";"2";"Eleição Ordinária";"426";"Eleições Municipais 2020";"MS";"91715";"ARAL MOREIRA";"120000773272";"Ausência de requisito de registro "
"05/06/2022";"02:18:03";"2020";"2";"Eleição Ordinária";"426";"Eleições Municipais 2020";"MS";"90514";"CAMPO GRANDE";"120000886949";"Ausência de requisito de registro "
"05/06/2022";"02:18:03";"2020";"2";"Eleição Ordinária";"426";"Eleições Municipais 2020";"MS";"90514";"CAMPO GRANDE";"120001188667";"Ausência de requisito de registro "
"05/06/2022";"02:18:03";"2020";"2";"Eleição Ordinária";"426";"Eleições Municipais 2020";"MS";"90751";"FÁTIMA DO SUL";"120001012159";"Ausência de requisito de registro "
"05/06/2022";"02:18:03";"2020";"2";"Eleição Ordinária";"426";"Eleições Municipais 2020";"MS";"90999";"JARDIM";"120001056530";"Ausência de requisito de registro "
"05/06/2022";"02:18:03";"2020";"2";"Eleição Ordinária";"426";"Eleições Municipais 2020";"MS";"90638";"CORUMBÁ";"120001050594";"Ausência de requisito de registro "
"05/06/2022";"02:18:03";"2020";"2";"Eleição Ordinária";"426";"Eleições Municipais 2020";"MS";"90034";"ÁGUA CLARA";"120000759631";"Ausência de requisito de registro "
"05/06/2022";"02:18:03";"2020";"2";"Eleição Ordinária";"426";"Eleições Municipais 2020";"MS";"91251";"PARANAÍBA";"120001263211";"Ausência de requisito de registro "
"05/06/2022";"02:18:03";"2020";"2";"Eleição Ordinária";"426";"Eleições Municipais 2020";"MS";"90433";"BONITO";"120000983201";"Ausência de requisito de registro "
"05/06/2022";"02:18:03";"2020";"2";"Eleição Ordinária";"426";"Eleições Municipais 2020";"MS";"91804";"DOIS IRMÃOS DO BURITI";"120001205261";"Ausência de requisito de registro "
"05/06/2022";"02:18:03";"2020";"2";"Eleição Ordinária";"426";"Eleições Municipais 2020";"MS";"91847";"PARANHOS";"120000769026";"Ausência de requisito de registro "
"05/06/2022";"02:18:03";"2020";"2";"Eleição Ordinária";"426";"Eleições Municipais 2020";"MS";"90638";"CORUMBÁ";"120001193614";"Ausência de requisito de registro "
"05/06/2022";"02:18:03";"2020";"2";"Eleição Ordinária";"426";"Eleições Municipais 2020";"MS";"91375";"PORTO MURTINHO";"120001197630";"Ausência de requisito de registro "
"05/06/2022";"02:18:03";"2020";"2";"Eleição Ordinária";"426";"Eleições Municipais 2020";"MS";"90298";"BANDEIRANTES";"120000873595";"Ficha limpa (LC 64/90)"
"05/06/2022";"02:18:03";"2020";"2";"Eleição Ordinária";"426";"Eleições Municipais 2020";"MS";"91731";"ELDORADO";"120000979895";"Ficha limpa (LC 64/90)"
"05/06/2022";"02:18:03";"2020";"2";"Eleição Ordinária";"426";"Eleições Municipais 2020";"MS";"91731";"ELDORADO";"120000979899";"Ausência de requisito de registro "
"05/06/2022";"02:18:03";"2020";"2";"Eleição Ordinária";"426";"Eleições Municipais 2020";"MS";"90735";"DOURADOS";"120000860046";"Ficha limpa (LC 64/90)"
"05/06/2022";"02:18:03";"2020";"2";"Eleição Ordinária";"426";"Eleições Municipais 2020";"MS";"90379";"BATAGUASSU";"120000988334";"Ausência de requisito de registro "
"05/06/2022";"02:18:03";"2020";"2";"Eleição Ordinária";"426";"Eleições Municipais 2020";"MS";"90514";"CAMPO GRANDE";"120001088021";"Ausência de requisito de registro "
"05/06/2022";"02:18:03";"2020";"2";"Eleição Ordinária";"426";"Eleições Municipais 2020";"MS";"90638";"CORUMBÁ";"120001126319";"Ausência de requisito de registro "
"05/06/2022";"02:18:03";"2020";"2";"Eleição Ordinária";"426";"Eleições Municipais 2020";"MS";"90034";"ÁGUA CLARA";"120000831502";"Ausência de requisito de registro "
"05/06/2022";"02:18:03";"2020";"2";"Eleição Ordinária";"426";"Eleições Municipais 2020";"MS";"91073";"MARACAJU";"120001015693";"Ficha limpa (LC 64/90)"
"05/06/2022";"02:18:03";"2020";"2";"Eleição Ordinária";"426";"Eleições Municipais 2020";"MS";"91316";"PONTA PORÃ";"120001214320";"Ausência de requisito de registro "
"05/06/2022";"02:18:03";"2020";"2";"Eleição Ordinária";"426";"Eleições Municipais 2020";"MS";"90514";"CAMPO GRANDE";"120001081636";"Ausência de requisito de registro "
"05/06/2022";"02:18:03";"2020";"2";"Eleição Ordinária";"426";"Eleições Municipais 2020";"MS";"91820";"JUTI";"120000744189";"Ficha limpa (LC 64/90)"
"05/06/2022";"02:18:03";"2020";"2";"Eleição Ordinária";"426";"Eleições Municipais 2020";"MS";"91790";"MUNDO NOVO";"120000753926";"Ausência de requisito de registro "
"05/06/2022";"02:18:03";"2020";"2";"Eleição Ordinária";"426";"Eleições Municipais 2020";"MS";"55000";"NOVA ALVORADA DO SUL";"120001127034";"Ficha limpa (LC 64/90)"
"05/06/2022";"02:18:03";"2020";"2";"Eleição Ordinária";"426";"Eleições Municipais 2020";"MS";"91316";"PONTA PORÃ";"120001235654";"Ausência de requisito de registro "
"05/06/2022";"02:18:03";"2020";"2";"Eleição Ordinária";"426";"Eleições Municipais 2020";"MS";"90131";"ANASTÁCIO";"120000790488";"Ficha limpa (LC 64/90)"
"05/06/2022";"02:18:03";"2020";"2";"Eleição Ordinária";"426";"Eleições Municipais 2020";"MS";"90034";"ÁGUA CLARA";"120001107117";"Abuso de poder (LC 64/90)"
"05/06/2022";"02:18:03";"2020";"2";"Eleição Ordinária";"426";"Eleições Municipais 2020";"MS";"90514";"CAMPO GRANDE";"120000808281";"Ausência de requisito de registro "
"05/06/2022";"02:18:03";"2020";"2";"Eleição Ordinária";"426";"Eleições Municipais 2020";"MS";"90735";"DOURADOS";"120001207307";"Ausência de requisito de registro "
"05/06/2022";"02:18:03";"2020";"2";"Eleição Ordinária";"426";"Eleições Municipais 2020";"MS";"90514";"CAMPO GRANDE";"120001079657";"Ausência de requisito de registro "
"05/06/2022";"02:18:03";"2020";"2";"Eleição Ordinária";"426";"Eleições Municipais 2020";"MS";"91430";"RIO BRILHANTE";"120000844591";"Ficha limpa (LC 64/90)"
"05/06/2022";"02:18:03";"2020";"2";"Eleição Ordinária";"426";"Eleições Municipais 2020";"MS";"98116";"SELVÍRIA";"120001109734";"Ausência de requisito de registro "
"05/06/2022";"02:18:03";"2020";"2";"Eleição Ordinária";"426";"Eleições Municipais 2020";"MS";"90638";"CORUMBÁ";"120000942930";"Ausência de requisito de registro "
"05/06/2022";"02:18:03";"2020";"2";"Eleição Ordinária";"426";"Eleições Municipais 2020";"MS";"90735";"DOURADOS";"120001091901";"Ausência de requisito de registro "
"05/06/2022";"02:18:03";"2020";"2";"Eleição Ordinária";"426";"Eleições Municipais 2020";"MS";"90638";"CORUMBÁ";"120001218682";"Ausência de requisito de registro "
"05/06/2022";"02:18:03";"2020";"2";"Eleição Ordinária";"426";"Eleições Municipais 2020";"MS";"90514";"CAMPO GRANDE";"120001152712";"Ausência de requisito de registro "
"05/06/2022";"02:18:03";"2020";"2";"Eleição Ordinária";"426";"Eleições Municipais 2020";"MS";"90190";"APARECIDA DO TABOADO";"120000646590";"Ausência de requisito de registro "
"05/06/2022";"02:18:03";"2020";"2";"Eleição Ordinária";"426";"Eleições Municipais 2020";"MS";"90972";"JARAGUARI";"120000663188";"Ausência de requisito de registro "
"05/06/2022";"02:18:03";"2020";"2";"Eleição Ordinária";"426";"Eleições Municipais 2020";"MS";"91880";"SONORA";"120000852639";"Ficha limpa (LC 64/90)"
"05/06/2022";"02:18:03";"2020";"2";"Eleição Ordinária";"426";"Eleições Municipais 2020";"MS";"55000";"NOVA ALVORADA DO SUL";"120000884995";"Ausência de requisito de registro "
"05/06/2022";"02:18:03";"2020";"2";"Eleição Ordinária";"426";"Eleições Municipais 2020";"MS";"98590";"CORONEL SAPUCAIA";"120001036057";"Ausência de requisito de registro "
"05/06/2022";"02:18:03";"2020";"2";"Eleição Ordinária";"426";"Eleições Municipais 2020";"MS";"90816";"GUIA LOPES DA LAGUNA";"120000866894";"Ausência de requisito de registro "
"05/06/2022";"02:18:03";"2020";"2";"Eleição Ordinária";"426";"Eleições Municipais 2020";"MS";"91430";"RIO BRILHANTE";"120001128176";"Ausência de requisito de registro "
"05/06/2022";"02:18:03";"2020";"2";"Eleição Ordinária";"426";"Eleições Municipais 2020";"MS";"98159";"TACURU";"120001012740";"Ausência de requisito de registro "
"05/06/2022";"02:18:03";"2020";"2";"Eleição Ordinária";"426";"Eleições Municipais 2020";"MS";"91790";"MUNDO NOVO";"120001058050";"Ausência de requisito de registro "
"05/06/2022";"02:18:03";"2020";"2";"Eleição Ordinária";"426";"Eleições Municipais 2020";"MS";"90638";"CORUMBÁ";"120000639826";"Ausência de requisito de registro "
"05/06/2022";"02:18:03";"2020";"2";"Eleição Ordinária";"426";"Eleições Municipais 2020";"MS";"91596";"TERENOS";"120001154259";"Indeferimento de partido ou coligação."
"05/06/2022";"02:18:03";"2020";"2";"Eleição Ordinária";"426";"Eleições Municipais 2020";"MS";"90638";"CORUMBÁ";"120001143642";"Ausência de requisito de registro "
"05/06/2022";"02:18:03";"2020";"2";"Eleição Ordinária";"426";"Eleições Municipais 2020";"MS";"98590";"CORONEL SAPUCAIA";"120000750372";"Ausência de requisito de registro "
"05/06/2022";"02:18:03";"2020";"2";"Eleição Ordinária";"426";"Eleições Municipais 2020";"MS";"90654";"COXIM";"120000647825";"Ausência de requisito de registro "
"05/06/2022";"02:18:03";"2020";"2";"Eleição Ordinária";"426";"Eleições Municipais 2020";"MS";"55018";"ALCINÓPOLIS";"120000915850";"Ficha limpa (LC 64/90)"
"05/06/2022";"02:18:03";"2020";"2";"Eleição Ordinária";"426";"Eleições Municipais 2020";"MS";"90298";"BANDEIRANTES";"120001087929";"Ficha limpa (LC 64/90)"
"05/06/2022";"02:18:03";"2020";"2";"Eleição Ordinária";"426";"Eleições Municipais 2020";"MS";"98590";"CORONEL SAPUCAIA";"120000750375";"Ausência de requisito de registro "
"05/06/2022";"02:18:03";"2020";"2";"Eleição Ordinária";"426";"Eleições Municipais 2020";"MS";"98078";"ITAQUIRAÍ";"120001075104";"Ficha limpa (LC 64/90)"
"05/06/2022";"02:18:03";"2020";"2";"Eleição Ordinária";"426";"Eleições Municipais 2020";"MS";"90514";"CAMPO GRANDE";"120001078007";"Ausência de requisito de registro "
"05/06/2022";"02:18:03";"2020";"2";"Eleição Ordinária";"426";"Eleições Municipais 2020";"MS";"91316";"PONTA PORÃ";"120001142313";"Ausência de requisito de registro "
"05/06/2022";"02:18:03";"2020";"2";"Eleição Ordinária";"426";"Eleições Municipais 2020";"MS";"90034";"ÁGUA CLARA";"120001107712";"Ausência de requisito de registro "
"05/06/2022";"02:18:03";"2020";"2";"Eleição Ordinária";"426";"Eleições Municipais 2020";"MS";"91138";"NAVIRAÍ";"120001057763";"Ausência de requisito de registro "
"05/06/2022";"02:18:03";"2020";"2";"Eleição Ordinária";"426";"Eleições Municipais 2020";"MS";"91847";"PARANHOS";"120001064037";"Ausência de requisito de registro "
"05/06/2022";"02:18:03";"2020";"2";"Eleição Ordinária";"426";"Eleições Municipais 2020";"MS";"98035";"COSTA RICA";"120001058043";"Ausência de requisito de registro "
"05/06/2022";"02:18:03";"2020";"2";"Eleição Ordinária";"426";"Eleições Municipais 2020";"MS";"91316";"PONTA PORÃ";"120001214328";"Ausência de requisito de registro "
"05/06/2022";"02:18:03";"2020";"2";"Eleição Ordinária";"426";"Eleições Municipais 2020";"MS";"91570";"SIDROLÂNDIA";"120001209314";"Ficha limpa (LC 64/90)"
"05/06/2022";"02:18:03";"2020";"2";"Eleição Ordinária";"426";"Eleições Municipais 2020";"MS";"90735";"DOURADOS";"120001214347";"Ausência de requisito de registro "
"05/06/2022";"02:18:03";"2020";"2";"Eleição Ordinária";"426";"Eleições Municipais 2020";"MS";"98132";"SETE QUEDAS";"120001137106";"Ausência de requisito de registro "
"05/06/2022";"02:18:03";"2020";"2";"Eleição Ordinária";"426";"Eleições Municipais 2020";"MS";"91596";"TERENOS";"120001093700";"Ausência de requisito de registro "
"05/06/2022";"02:18:03";"2020";"2";"Eleição Ordinária";"426";"Eleições Municipais 2020";"MS";"55000";"NOVA ALVORADA DO SUL";"120001083505";"Ausência de requisito de registro "
"05/06/2022";"02:18:03";"2020";"2";"Eleição Ordinária";"426";"Eleições Municipais 2020";"MS";"91413";"RIBAS DO RIO PARDO";"120000840354";"Ficha limpa (LC 64/90)"
"05/06/2022";"02:18:03";"2020";"2";"Eleição Ordinária";"426";"Eleições Municipais 2020";"MS";"91693";"ANGÉLICA";"120001156085";"Ficha limpa (LC 64/90)"
"05/06/2022";"02:18:03";"2020";"2";"Eleição Ordinária";"426";"Eleições Municipais 2020";"MS";"55034";"JAPORÃ";"120001138234";"Ficha limpa (LC 64/90)"
"05/06/2022";"02:18:03";"2020";"2";"Eleição Ordinária";"426";"Eleições Municipais 2020";"MS";"91650";"TRÊS LAGOAS";"120000835094";"Ausência de requisito de registro "
"05/06/2022";"02:18:03";"2020";"2";"Eleição Ordinária";"426";"Eleições Municipais 2020";"MS";"98116";"SELVÍRIA";"120001109741";"Ausência de requisito de registro "
"05/06/2022";"02:18:03";"2020";"2";"Eleição Ordinária";"426";"Eleições Municipais 2020";"MS";"90875";"INOCÊNCIA";"120000704713";"Ausência de requisito de registro "
"05/06/2022";"02:18:03";"2020";"2";"Eleição Ordinária";"426";"Eleições Municipais 2020";"MS";"90514";"CAMPO GRANDE";"120001079381";"Ausência de requisito de registro "
"05/06/2022";"02:18:03";"2020";"2";"Eleição Ordinária";"426";"Eleições Municipais 2020";"MS";"90212";"AQUIDAUANA";"120001045997";"Ficha limpa (LC 64/90)"
"05/06/2022";"02:18:03";"2020";"2";"Eleição Ordinária";"426";"Eleições Municipais 2020";"MS";"91456";"RIO NEGRO";"120001191978";"Ausência de requisito de registro "
"05/06/2022";"02:18:03";"2020";"2";"Eleição Ordinária";"426";"Eleições Municipais 2020";"MS";"90611";"CORGUINHO";"120001040997";"Ausência de requisito de registro "
"05/06/2022";"02:18:03";"2020";"2";"Eleição Ordinária";"426";"Eleições Municipais 2020";"MS";"90514";"CAMPO GRANDE";"120001263635";"Ausência de requisito de registro "
"05/06/2022";"02:18:03";"2020";"2";"Eleição Ordinária";"426";"Eleições Municipais 2020";"MS";"98159";"TACURU";"120000780269";"Ausência de requisito de registro "
"05/06/2022";"02:18:03";"2020";"2";"Eleição Ordinária";"426";"Eleições Municipais 2020";"MS";"98590";"CORONEL SAPUCAIA";"120001188532";"Ausência de requisito de registro "
"05/06/2022";"02:18:03";"2020";"2";"Eleição Ordinária";"426";"Eleições Municipais 2020";"MS";"90638";"CORUMBÁ";"120001268104";"Ausência de requisito de registro "
"05/06/2022";"02:18:03";"2020";"2";"Eleição Ordinária";"426";"Eleições Municipais 2020";"MS";"98094";"SÃO GABRIEL DO OESTE";"120000837871";"Ausência de requisito de registro "
"05/06/2022";"02:18:03";"2020";"2";"Eleição Ordinária";"426";"Eleições Municipais 2020";"MS";"90514";"CAMPO GRANDE";"120001082460";"Ausência de requisito de registro "
"05/06/2022";"02:18:03";"2020";"2";"Eleição Ordinária";"426";"Eleições Municipais 2020";"MS";"91847";"PARANHOS";"120001136871";"Ficha limpa (LC 64/90)"
"05/06/2022";"02:18:03";"2020";"2";"Eleição Ordinária";"426";"Eleições Municipais 2020";"MS";"90298";"BANDEIRANTES";"120001100233";"Ausência de requisito de registro "
"05/06/2022";"02:18:03";"2020";"2";"Eleição Ordinária";"426";"Eleições Municipais 2020";"MS";"90816";"GUIA LOPES DA LAGUNA";"120000840094";"Ausência de requisito de registro "
"05/06/2022";"02:18:03";"2020";"2";"Eleição Ordinária";"426";"Eleições Municipais 2020";"MS";"90379";"BATAGUASSU";"120001079240";"Ficha limpa (LC 64/90)"
"05/06/2022";"02:18:03";"2020";"2";"Eleição Ordinária";"426";"Eleições Municipais 2020";"MS";"91650";"TRÊS LAGOAS";"120000752218";"Ausência de requisito de registro "
"05/06/2022";"02:18:03";"2020";"2";"Eleição Ordinária";"426";"Eleições Municipais 2020";"MS";"91430";"RIO BRILHANTE";"120001128176";"Ficha limpa (LC 64/90)"
"05/06/2022";"02:18:03";"2020";"2";"Eleição Ordinária";"426";"Eleições Municipais 2020";"MS";"90298";"BANDEIRANTES";"120001092944";"Ausência de requisito de registro "
"05/06/2022";"02:18:03";"2020";"2";"Eleição Ordinária";"426";"Eleições Municipais 2020";"MS";"98159";"TACURU";"120000805508";"Ausência de requisito de registro "
"05/06/2022";"02:18:03";"2020";"2";"Eleição Ordinária";"426";"Eleições Municipais 2020";"MS";"90735";"DOURADOS";"120001092696";"Ausência de requisito de registro "
"05/06/2022";"02:18:03";"2020";"2";"Eleição Ordinária";"426";"Eleições Municipais 2020";"MS";"91570";"SIDROLÂNDIA";"120001048507";"Ficha limpa (LC 64/90)"
"05/06/2022";"02:18:03";"2020";"2";"Eleição Ordinária";"426";"Eleições Municipais 2020";"MS";"90212";"AQUIDAUANA";"120001196953";"Ausência de requisito de registro "
"05/06/2022";"02:18:03";"2020";"2";"Eleição Ordinária";"426";"Eleições Municipais 2020";"MS";"90735";"DOURADOS";"120001241747";"Ausência de requisito de registro "
"05/06/2022";"02:18:03";"2020";"2";"Eleição Ordinária";"426";"Eleições Municipais 2020";"MS";"90654";"COXIM";"120000822512";"Ficha limpa (LC 64/90)"
"05/06/2022";"02:18:03";"2020";"2";"Eleição Ordinária";"426";"Eleições Municipais 2020";"MS";"98094";"SÃO GABRIEL DO OESTE";"120000837486";"Indeferimento de partido ou coligação."
"05/06/2022";"02:18:03";"2020";"2";"Eleição Ordinária";"426";"Eleições Municipais 2020";"MS";"55018";"ALCINÓPOLIS";"120000915850";"Compra de voto (Lei 9.504/97)."
"05/06/2022";"02:18:03";"2020";"2";"Eleição Ordinária";"426";"Eleições Municipais 2020";"MS";"90115";"AMAMBAI";"120000649365";"Ficha limpa (LC 64/90)"
"05/06/2022";"02:18:03";"2020";"2";"Eleição Ordinária";"426";"Eleições Municipais 2020";"MS";"90638";"CORUMBÁ";"120001055106";"Ausência de requisito de registro "
"05/06/2022";"02:18:03";"2020";"2";"Eleição Ordinária";"426";"Eleições Municipais 2020";"MS";"98094";"SÃO GABRIEL DO OESTE";"120001059292";"Ausência de requisito de registro "
"05/06/2022";"02:18:03";"2020";"2";"Eleição Ordinária";"426";"Eleições Municipais 2020";"MS";"98094";"SÃO GABRIEL DO OESTE";"120001059294";"Ficha limpa (LC 64/90)"
"05/06/2022";"02:18:03";"2020";"2";"Eleição Ordinária";"426";"Eleições Municipais 2020";"MS";"90735";"DOURADOS";"120000860047";"Ausência de requisito de registro "
"05/06/2022";"02:18:03";"2020";"2";"Eleição Ordinária";"426";"Eleições Municipais 2020";"MS";"91316";"PONTA PORÃ";"120001263470";"Ausência de requisito de registro "
"05/06/2022";"02:18:03";"2020";"2";"Eleição Ordinária";"426";"Eleições Municipais 2020";"MS";"90514";"CAMPO GRANDE";"120001078770";"Ausência de requisito de registro "
"05/06/2022";"02:18:03";"2020";"2";"Eleição Ordinária";"426";"Eleições Municipais 2020";"MS";"55050";"PARAÍSO DAS ÁGUAS";"120001035206";"Ficha limpa (LC 64/90)"
"05/06/2022";"02:18:03";"2020";"2";"Eleição Ordinária";"426";"Eleições Municipais 2020";"MS";"90034";"ÁGUA CLARA";"120000725761";"Ficha limpa (LC 64/90)"
"05/06/2022";"02:18:03";"2020";"2";"Eleição Ordinária";"426";"Eleições Municipais 2020";"MS";"91073";"MARACAJU";"120001015693";"Ausência de requisito de registro "
"05/06/2022";"02:18:03";"2020";"2";"Eleição Ordinária";"426";"Eleições Municipais 2020";"MS";"91316";"PONTA PORÃ";"120001124500";"Ausência de requisito de registro "
"05/06/2022";"02:18:03";"2020";"2";"Eleição Ordinária";"426";"Eleições Municipais 2020";"MS";"90735";"DOURADOS";"120001234591";"Conduta vedada (Lei 9.504/97)."
"05/06/2022";"02:18:03";"2020";"2";"Eleição Ordinária";"426";"Eleições Municipais 2020";"MS";"90999";"JARDIM";"120000840634";"Ausência de requisito de registro "
"05/06/2022";"02:18:03";"2020";"1";"Eleição Suplementar";"555";"Eleição Suplementar Angélica-MS";"MS";"91693";"ANGÉLICA";"120001545051";"Ausência de requisito de registro "
"05/06/2022";"02:18:03";"2020";"2";"Eleição Ordinária";"426";"Eleições Municipais 2020";"MS";"90557";"CAARAPÓ";"120000967898";"Ausência de requisito de registro "
"05/06/2022";"02:18:03";"2020";"2";"Eleição Ordinária";"426";"Eleições Municipais 2020";"MS";"90999";"JARDIM";"120000840643";"Ausência de requisito de registro "
"05/06/2022";"02:18:03";"2020";"2";"Eleição Ordinária";"426";"Eleições Municipais 2020";"MS";"90514";"CAMPO GRANDE";"120000724870";"Ausência de requisito de registro "
"05/06/2022";"02:18:03";"2020";"2";"Eleição Ordinária";"426";"Eleições Municipais 2020";"MS";"90638";"CORUMBÁ";"120001050010";"Ausência de requisito de registro "
"05/06/2022";"02:18:03";"2020";"2";"Eleição Ordinária";"426";"Eleições Municipais 2020";"MS";"90514";"CAMPO GRANDE";"120000725206";"Ausência de requisito de registro "
"05/06/2022";"02:18:03";"2020";"2";"Eleição Ordinária";"426";"Eleições Municipais 2020";"MS";"91456";"RIO NEGRO";"120001191483";"Ausência de requisito de registro "
"05/06/2022";"02:18:03";"2020";"2";"Eleição Ordinária";"426";"Eleições Municipais 2020";"MS";"91316";"PONTA PORÃ";"120001119331";"Ausência de requisito de registro "
"05/06/2022";"02:18:03";"2020";"2";"Eleição Ordinária";"426";"Eleições Municipais 2020";"MS";"90212";"AQUIDAUANA";"120000879268";"Ausência de requisito de registro "
"05/06/2022";"02:18:03";"2020";"2";"Eleição Ordinária";"426";"Eleições Municipais 2020";"MS";"90638";"CORUMBÁ";"120000943896";"Ausência de requisito de registro "
"05/06/2022";"02:18:03";"2020";"2";"Eleição Ordinária";"426";"Eleições Municipais 2020";"MS";"90573";"CASSILÂNDIA";"120001255595";"Ficha limpa (LC 64/90)"
"05/06/2022";"02:18:03";"2020";"2";"Eleição Ordinária";"426";"Eleições Municipais 2020";"MS";"90611";"CORGUINHO";"120001040998";"Ausência de requisito de registro "
